"A__C","ATTEMPT__C","B__C","C__C","CHOICE__C","CORRECT_ANSWER__C","CORRECT__C","CREATEDBYID","CREATEDDATE","CURRENCYISOCODE","D__C","ID","ISDELETED","LASTACTIVITYDATE","LASTMODIFIEDBYID","LASTMODIFIEDDATE","LASTREFERENCEDDATE","LASTVIEWEDDATE","NAME","QUESTIONNUMBER__C","QUESTION__C","QUIZ__C","SYSTEMMODSTAMP"
"10","a024T000001OypkQAC","1","0","D","B","false","0054T000000d3hIQAQ","2019-09-10T02:06:09.000Z","USD","2","a034T000001FiV8QAK","false","","0054T000000d3hIQAQ","2019-09-10T02:06:09.000Z","2019-09-10T02:06:09.000Z","2019-09-10T02:06:09.000Z","A-00006","a054T000000iyPqQAI","1 * 0 = ?","Math","2019-09-10T02:06:09.000Z"
"700","a024T000001OypkQAC","666","10","B","B","true","0054T000000d3hIQAQ","2019-09-10T02:06:33.000Z","USD","100","a034T000001FiV9QAK","false","","0054T000000d3hIQAQ","2019-09-10T02:27:04.000Z","2019-09-10T02:27:05.000Z","2019-09-10T02:27:05.000Z","A-00008","a054T000000iyPwQAI","111 + 222 + 333 = ?","Math","2019-09-10T02:27:04.000Z"
"10","a024T000001OypkQAC","900","9","A","C","false","0054T000000d3hIQAQ","2019-09-10T02:06:50.000Z","USD","90","a034T000001FiVIQA0","false","","0054T000000d3hIQAQ","2019-09-10T02:06:50.000Z","2019-09-10T02:06:50.000Z","2019-09-10T02:06:50.000Z","A-00010","a054T000000iyQ0QAI","90 ÷ 10 = ?","Math","2019-09-10T02:06:50.000Z"
"4","a024T000001OypkQAC","2","22","C","A","false","0054T000000d3hIQAQ","2019-09-10T02:06:26.000Z","USD","0","a034T000001FiVDQA0","false","","0054T000000d3hIQAQ","2019-09-10T02:06:26.000Z","2019-09-10T02:06:26.000Z","2019-09-10T02:06:26.000Z","A-00007","a054T000000iyPvQAI","2 + 2 = ?","Math","2019-09-10T02:06:26.000Z"
"10","a024T000001OypaQAC","1","0","A","B","false","0054T000000d3hIQAQ","2019-09-10T01:56:42.000Z","USD","2","a034T000001FiUoQAK","false","","0054T000000d3hIQAQ","2019-09-10T02:05:02.000Z","2019-09-10T02:05:03.000Z","2019-09-10T02:05:03.000Z","A-00001","a054T000000iyPqQAI","1 * 0 = ?","Math","2019-09-10T02:05:02.000Z"
"46","a024T000001OypaQAC","56","32","A","A","true","0054T000000d3hIQAQ","2019-09-10T01:57:54.000Z","USD","0","a034T000001FiUpQAK","false","","0054T000000d3hIQAQ","2019-09-10T02:27:18.000Z","2019-09-10T02:27:19.000Z","2019-09-10T02:27:19.000Z","A-00005","a054T000000iyQ5QAI","26 + 32 - 12 = ?","Math","2019-09-10T02:27:18.000Z"
"700","a024T000001OypaQAC","666","10","C","B","false","0054T000000d3hIQAQ","2019-09-10T01:57:09.000Z","USD","100","a034T000001FiUyQAK","false","","0054T000000d3hIQAQ","2019-09-10T01:57:09.000Z","2019-09-10T01:57:09.000Z","2019-09-10T01:57:09.000Z","A-00003","a054T000000iyPwQAI","111 + 222 + 333 = ?","Math","2019-09-10T01:57:09.000Z"
"4","a024T000001OypaQAC","2","22","B","A","false","0054T000000d3hIQAQ","2019-09-10T01:56:59.000Z","USD","0","a034T000001FiUtQAK","false","","0054T000000d3hIQAQ","2019-09-10T01:56:59.000Z","2019-09-10T01:56:59.000Z","2019-09-10T01:56:59.000Z","A-00002","a054T000000iyPvQAI","2 + 2 = ?","Math","2019-09-10T01:56:59.000Z"
"46","a024T000001OypkQAC","56","32","A","A","true","0054T000000d3hIQAQ","2019-09-10T02:06:58.000Z","USD","0","a034T000001FiUuQAK","false","","0054T000000d3hIQAQ","2019-09-10T02:27:11.000Z","2019-09-10T02:27:12.000Z","2019-09-10T02:27:12.000Z","A-00011","a054T000000iyQ5QAI","26 + 32 - 12 = ?","Math","2019-09-10T02:27:11.000Z"
"10","a024T000001OypaQAC","900","9","D","C","false","0054T000000d3hIQAQ","2019-09-10T01:57:26.000Z","USD","90","a034T000001FiV3QAK","false","","0054T000000d3hIQAQ","2019-09-10T01:57:26.000Z","2019-09-10T01:57:26.000Z","2019-09-10T01:57:26.000Z","A-00004","a054T000000iyQ0QAI","90 ÷ 10 = ?","Math","2019-09-10T01:57:26.000Z"
